,Product Link,Price,Ratings
0,/Freezer-Basement-Apartment-Timeshare-Business/dp/B08241QW3R/ref=zg_bs_appliances_1/134-2504143-6106901?_encoding=UTF8&psc=1&refRID=VZF80V8H97MCQTYZXA2E,$213.00,4.3 out of 5 stars
1,/IKICH-Portable-Ice-Maker-Machine/dp/B07Q33HD6X/ref=zg_bs_appliances_2/134-2504143-6106901?_encoding=UTF8&psc=1&refRID=VZF80V8H97MCQTYZXA2E,$129.99,4.4 out of 5 stars
2,/Broan-Ventless-Under-Cabinet-Range/dp/B000HZY0HC/ref=zg_bs_appliances_3/134-2504143-6106901?_encoding=UTF8&psc=1&refRID=VZF80V8H97MCQTYZXA2E,$36.09,4.6 out of 5 stars
3,/GE-Profile-Countertop-Nugget-Maker/dp/B07YF9SGBW/ref=zg_bs_appliances_4/134-2504143-6106901?_encoding=UTF8&psc=1&refRID=VZF80V8H97MCQTYZXA2E,$549.00,4.5 out of 5 stars
4,/KUPPET-Compact-Portable-Capacity-Semi-Automatic/dp/B07TC3659T/ref=zg_bs_appliances_5/134-2504143-6106901?_encoding=UTF8&psc=1&refRID=VZF80V8H97MCQTYZXA2E,$163.99,4.3 out of 5 stars
5,/IKICH-Countertop-Portable-Electric-Indicator/dp/B0894W324Z/ref=zg_bs_appliances_6/134-2504143-6106901?_encoding=UTF8&psc=1&refRID=VZF80V8H97MCQTYZXA2E,$99.98,4.3 out of 5 stars
6,/midea-WHS-129C1-Single-Chest-Freezer/dp/B00MVVITWC/ref=zg_bs_appliances_7/134-2504143-6106901?_encoding=UTF8&psc=1&refRID=VZF80V8H97MCQTYZXA2E,$194.00,4.5 out of 5 stars
7,/Igloo-ICEB26HNAQ-Automatic-Self-Cleaning-Countertop/dp/B07XS7Q54M/ref=zg_bs_appliances_8/134-2504143-6106901?_encoding=UTF8&psc=1&refRID=VZF80V8H97MCQTYZXA2E,$90.00,4.5 out of 5 stars
8,/Machine-Countertop-Portable-Compact-Perfect/dp/B07ZV318K3/ref=zg_bs_appliances_9/134-2504143-6106901?_encoding=UTF8&psc=1&refRID=VZF80V8H97MCQTYZXA2E,$189.99,4.5 out of 5 stars
9,/Crownful-Machine-Countertop-Minutes-Electric/dp/B082C9ML88/ref=zg_bs_appliances_10/134-2504143-6106901?_encoding=UTF8&psc=1&refRID=VZF80V8H97MCQTYZXA2E,$129.99,4.4 out of 5 stars
10,/VPCOK-Maker-Portable-Machine-Basket/dp/B085T16SJ6/ref=zg_bs_appliances_11/134-2504143-6106901?_encoding=UTF8&psc=1&refRID=VZF80V8H97MCQTYZXA2E,$128.78,4.5 out of 5 stars
11,/Kitchen-Basics-101-Refrigerator-Replacement/dp/B07YZWCBBL/ref=zg_bs_appliances_12/134-2504143-6106901?_encoding=UTF8&psc=1&refRID=VZF80V8H97MCQTYZXA2E,$19.91,4.6 out of 5 stars
12,/NewAir-AB-1200-Beverage-Cooler-Stainless/dp/B0083H1INK/ref=zg_bs_appliances_13/134-2504143-6106901?_encoding=UTF8&psc=1&refRID=VZF80V8H97MCQTYZXA2E,$258.50,4.1 out of 5 stars
13,/Northair-Free-Standing-Removable-Temperature-Power-Saving/dp/B085TDSPMB/ref=zg_bs_appliances_14/134-2504143-6106901?_encoding=UTF8&psc=1&refRID=VZF80V8H97MCQTYZXA2E,$249.99,4.6 out of 5 stars
14,/Whynter-CUF-110B-Energy-Upright-Freezer/dp/B00M7GMEYK/ref=zg_bs_appliances_15/134-2504143-6106901?_encoding=UTF8&psc=1&refRID=VZF80V8H97MCQTYZXA2E,$165.81,4.5 out of 5 stars
15,/Countertop-Reversible-Adjustable-Stainless-Apartment/dp/B082PG6HHH/ref=zg_bs_appliances_16/134-2504143-6106901?_encoding=UTF8&psc=1&refRID=VZF80V8H97MCQTYZXA2E,$144.99,4.6 out of 5 stars
16,/Broan-NuTone-F403008-Two-Speed-Four-Way-Convertible/dp/B0009XB4I0/ref=zg_bs_appliances_17/134-2504143-6106901?_encoding=UTF8&psc=1&refRID=VZF80V8H97MCQTYZXA2E,$45.00,4.6 out of 5 stars
17,/Compact-refrigerator-TACKLIFE-Freezer-Refrigerator/dp/B083ZBRG5Z/ref=zg_bs_appliances_18/134-2504143-6106901?_encoding=UTF8&psc=1&refRID=VZF80V8H97MCQTYZXA2E,$149.97,4.4 out of 5 stars
18,/Arctic-King-Chest-Freezer-Black/dp/B07TM5FCSD/ref=zg_bs_appliances_19/134-2504143-6106901?_encoding=UTF8&psc=1&refRID=VZF80V8H97MCQTYZXA2E,$263.50,4.0 out of 5 stars
19,/midea-MRC050S0AWW-Chest-Freezer-Cubic/dp/B07PVNLL1T/ref=zg_bs_appliances_20/134-2504143-6106901?_encoding=UTF8&psc=1&refRID=VZF80V8H97MCQTYZXA2E,$269.02,4.4 out of 5 stars
20,/Garatic-Portable-Capacity-Apartments-Delicates/dp/B08BPDTL1H/ref=zg_bs_appliances_21/134-2504143-6106901?_encoding=UTF8&psc=1&refRID=VZF80V8H97MCQTYZXA2E,$99.99,4.3 out of 5 stars
21,/Countertop-Machine-hrs-Ice-Compact-Lightweight/dp/B07R56HW4G/ref=zg_bs_appliances_22/134-2504143-6106901?_encoding=UTF8&psc=1&refRID=VZF80V8H97MCQTYZXA2E,$109.99,4.5 out of 5 stars
22,/Fluidmaster-12IM60-Connector-Braided-Stainless/dp/B000I18U8A/ref=zg_bs_appliances_23/134-2504143-6106901?_encoding=UTF8&psc=1&refRID=VZF80V8H97MCQTYZXA2E,$8.78,4.8 out of 5 stars
23,/Arctic-King-ARC070S0ARBB-Chest-Freezer/dp/B084B2XB7G/ref=zg_bs_appliances_24/134-2504143-6106901?_encoding=UTF8&psc=1&refRID=VZF80V8H97MCQTYZXA2E,$233.90,4.2 out of 5 stars
24,/Rosewill-Induction-Electric-Stainless-RHAI-13001/dp/B00GTZMHOW/ref=zg_bs_appliances_25/134-2504143-6106901?_encoding=UTF8&psc=1&refRID=VZF80V8H97MCQTYZXA2E,$44.99,4.3 out of 5 stars
25,/Essential-Values-Universal-Application-Whirlpool/dp/B01LZK0UG3/ref=zg_bs_appliances_26/134-2504143-6106901?_encoding=UTF8&psc=1&refRID=VZF80V8H97MCQTYZXA2E,$10.97,4.5 out of 5 stars
26,/Giantex-Portable-Compact-Washing-Machine/dp/B01ALBMIEI/ref=zg_bs_appliances_27/134-2504143-6106901?_encoding=UTF8&psc=1&refRID=VZF80V8H97MCQTYZXA2E,$139.99,4.3 out of 5 stars
27,/Cosmo-Under-Cabinet-Range-Stainless/dp/B074PBLJVY/ref=zg_bs_appliances_28/134-2504143-6106901?_encoding=UTF8&psc=1&refRID=VZF80V8H97MCQTYZXA2E,$99.95,4.4 out of 5 stars
28,/RCA-Igloo-Cubc-Fridge-Freezer-Black/dp/B00Q477Z5Q/ref=zg_bs_appliances_29/134-2504143-6106901?_encoding=UTF8&psc=1&refRID=VZF80V8H97MCQTYZXA2E,$170.30,4.4 out of 5 stars
29,/Freezer-Upright-Compact-Apartment-Efficient/dp/B08MT5YG1W/ref=zg_bs_appliances_30/134-2504143-6106901?_encoding=UTF8&psc=1&refRID=VZF80V8H97MCQTYZXA2E,$99.00,-1
30,/Replacement-Water-Filter-Whirlpool-Machines/dp/B08JZFP8RC/ref=zg_bs_appliances_31/134-2504143-6106901?_encoding=UTF8&psc=1&refRID=VZF80V8H97MCQTYZXA2E,$89.90,4.0 out of 5 stars
31,/Farberware-FDW05ASBWHA-Countertop-Dishwasher-Wash-White/dp/B07VR22832/ref=zg_bs_appliances_32/134-2504143-6106901?_encoding=UTF8&psc=1&refRID=VZF80V8H97MCQTYZXA2E,$318.82,4.4 out of 5 stars
32,/Broan-413023-Capable-Non-Ducted-Under-Cabinet/dp/B000UW20OM/ref=zg_bs_appliances_33/134-2504143-6106901?_encoding=UTF8&psc=1&refRID=VZF80V8H97MCQTYZXA2E,$39.00,4.7 out of 5 stars
33,/Frigidaire-EFIC101-BLACK-Ice-Maker-Day/dp/B00KC8Y2ZE/ref=zg_bs_appliances_34/134-2504143-6106901?_encoding=UTF8&psc=1&refRID=VZF80V8H97MCQTYZXA2E,$117.50,4.5 out of 5 stars
34,/Frigidaire-EFR182-Stainless-Fridge-Platinum/dp/B088GXKBYB/ref=zg_bs_appliances_35/134-2504143-6106901?_encoding=UTF8&psc=1&refRID=VZF80V8H97MCQTYZXA2E,$126.41,3.8 out of 5 stars
35,/Portable-Washing-TACKLIFE-Function-Apartment/dp/B088T5WTVT/ref=zg_bs_appliances_36/134-2504143-6106901?_encoding=UTF8&psc=1&refRID=VZF80V8H97MCQTYZXA2E,$99.97,4.3 out of 5 stars
36,/TRUSTECH-Portable-Countertop-Semi-Auto-Cleaning/dp/B086GTPXPN/ref=zg_bs_appliances_37/134-2504143-6106901?_encoding=UTF8&psc=1&refRID=VZF80V8H97MCQTYZXA2E,$139.99,4.3 out of 5 stars
37,/Freezer-Compact-Refrigerator-freezer-Apartment/dp/B087M8CKZ1/ref=zg_bs_appliances_38/134-2504143-6106901?_encoding=UTF8&psc=1&refRID=VZF80V8H97MCQTYZXA2E,$194.99,4.6 out of 5 stars
38,/Broan-SP3004-Backsplash-30-Inch-Stainless/dp/B000AMOBA8/ref=zg_bs_appliances_39/134-2504143-6106901?_encoding=UTF8&psc=1&refRID=VZF80V8H97MCQTYZXA2E,$39.96,4.7 out of 5 stars
39,/Mixpresso-Electric-Coffee-Percolator-Stainless/dp/B07J9ZS2PY/ref=zg_bs_appliances_40/134-2504143-6106901?_encoding=UTF8&psc=1&refRID=VZF80V8H97MCQTYZXA2E,$38.99,4.4 out of 5 stars
40,/COSTWAY-Electric-Machines-Portable-Controller/dp/B074R7GK8V/ref=zg_bs_appliances_41/134-2504143-6106901?_encoding=UTF8&psc=1&refRID=VZF80V8H97MCQTYZXA2E,$89.99,3.8 out of 5 stars
41,/Dreamiracle-Machine-Countertop-Bullet-Minutes/dp/B08FDG42VZ/ref=zg_bs_appliances_42/134-2504143-6106901?_encoding=UTF8&psc=1&refRID=VZF80V8H97MCQTYZXA2E,$159.99,5.0 out of 5 stars
42,/SUPER-DEAL-Portable-Apartments-Delicates/dp/B07B94ZR74/ref=zg_bs_appliances_43/134-2504143-6106901?_encoding=UTF8&psc=1&refRID=VZF80V8H97MCQTYZXA2E,$115.89,4.2 out of 5 stars
43,/COSTWAY-Electric-Portable-Capacity-Stainless/dp/B083PRDBSB/ref=zg_bs_appliances_44/134-2504143-6106901?_encoding=UTF8&psc=1&refRID=VZF80V8H97MCQTYZXA2E,$299.99,4.4 out of 5 stars
44,/Igloo-ICEB26BK-Portable-26-Pound-Automatic/dp/B07GY5MBDJ/ref=zg_bs_appliances_45/134-2504143-6106901?_encoding=UTF8&psc=1&refRID=VZF80V8H97MCQTYZXA2E,$108.99,4.3 out of 5 stars
45,/Cosmo-668AS750-Tempered-Controls-Permanent/dp/B01DMZ0XOC/ref=zg_bs_appliances_46/134-2504143-6106901?_encoding=UTF8&psc=1&refRID=VZF80V8H97MCQTYZXA2E,$201.99,4.5 out of 5 stars
46,/Broan-NuTone-BUEZ024WW-Broan-Economy-24-Inch/dp/B085DV6J9B/ref=zg_bs_appliances_47/134-2504143-6106901?_encoding=UTF8&psc=1&refRID=VZF80V8H97MCQTYZXA2E,$39.00,4.6 out of 5 stars
47,/VIVOHOME-Electric-Portable-Countertop-Automatic/dp/B07T1XPVX3/ref=zg_bs_appliances_48/134-2504143-6106901?_encoding=UTF8&psc=1&refRID=VZF80V8H97MCQTYZXA2E,$129.98,4.4 out of 5 stars
48,/CROWNFUL-Countertop-Machine-Minutes-Electric/dp/B087B9YCX4/ref=zg_bs_appliances_49/134-2504143-6106901?_encoding=UTF8&psc=1&refRID=VZF80V8H97MCQTYZXA2E,$113.99,4.7 out of 5 stars
49,/MOOSOO-Countertop-Ice-Maker-Machine-Automatic-Certificate/dp/B08FDYT5VJ/ref=zg_bs_appliances_50/134-2504143-6106901?_encoding=UTF8&psc=1&refRID=VZF80V8H97MCQTYZXA2E,$119.97,4.5 out of 5 stars
